{
  "pretrained": "yes",
  "cumpress": "yes",
  "phase1": {
    "epochs": [
      1,
      2,
      3,
      4,
      5,
      6,
      7,
      8,
      9,
      10,
      11,
      12,
      13,
      14,
      15,
      16,
      17,
      18,
      19,
      20
    ],
    "train_acc": [
      66.98823529411764,
      79.67058823529412,
      81.34117647058824,
      83.9764705882353,
      85.5764705882353,
      87.6470588235294,
      88.0,
      88.18823529411765,
      90.47058823529412,
      88.8235294117647,
      89.64705882352942,
      88.70588235294117,
      90.47058823529412,
      89.81176470588235,
      91.31764705882352,
      90.0235294117647,
      90.0,
      91.34117647058824,
      91.62352941176471,
      92.09411764705882
    ],
    "val_acc": [
      87.6,
      88.4,
      88.8,
      86.66666666666667,
      84.66666666666667,
      89.46666666666667,
      87.73333333333333,
      91.46666666666667,
      88.66666666666667,
      88.8,
      90.93333333333334,
      92.26666666666667,
      87.86666666666667,
      90.53333333333333,
      87.86666666666667,
      90.93333333333334,
      90.4,
      89.60000000000001,
      90.13333333333333,
      90.0
    ],
    "train_loss": [
      0.9982728456889882,
      0.6322110631325666,
      0.58096215912875,
      0.4774633318536422,
      0.442157177679679,
      0.39527751203144296,
      0.36923305301105275,
      0.36087087335306056,
      0.3066677223514108,
      0.35372752815134384,
      0.3179377845736111,
      0.33195101012552486,
      0.2860123518214506,
      0.30974757121591007,
      0.2605554730050704,
      0.29957173340460835,
      0.30484399749250973,
      0.2701307066468632,
      0.26377122811710135,
      0.25547168505893036
    ],
    "val_loss": [
      0.40577810883522036,
      0.37789611260096234,
      0.3694742999076843,
      0.38156602303187054,
      0.4556387809117635,
      0.322610116481781,
      0.35417748097578683,
      0.28488004811604817,
      0.3589963471094767,
      0.3679291421572367,
      0.2705961159070333,
      0.2596699551343918,
      0.3811334542433421,
      0.26916659450531005,
      0.38242612187067665,
      0.308642878929774,
      0.33631725176175437,
      0.34879215351740517,
      0.3383764897187551,
      0.37090500275293986
    ]
  },
  "phase2": {
    "epochs": [
      21,
      22,
      23,
      24,
      25,
      26,
      27,
      28,
      29,
      30
    ],
    "train_acc": [
      92.7529411764706,
      93.52941176470588,
      92.51764705882353,
      92.4235294117647,
      89.83529411764705,
      84.35294117647058,
      83.38823529411765,
      86.16470588235295,
      87.88235294117646,
      89.03529411764706
    ],
    "val_acc": [
      92.13333333333334,
      91.46666666666667,
      90.26666666666667,
      91.2,
      88.13333333333333,
      83.6,
      87.06666666666666,
      87.6,
      87.06666666666666,
      88.0
    ],
    "train_loss": [
      0.16309074092963163,
      0.17157868260495804,
      0.20073317975156446,
      0.22755158185257632,
      0.3369823653417475,
      0.5919013492359835,
      0.6031831929262946,
      0.47883176959262175,
      0.4369568165470572,
      0.3905671650101157
    ],
    "val_loss": [
      0.3067992856105169,
      0.31399640075365703,
      0.341125590244929,
      0.3231496201356252,
      0.3843444303671519,
      0.5558544414838155,
      0.5077055042584737,
      0.45813963079452513,
      0.45917061098416645,
      0.4297747406164805
    ],
    "compression": [
      14.84375,
      29.6875,
      49.479166666666664,
      64.32291666666667,
      79.16666666666666,
      91.66666666666666,
      91.66666666666666,
      91.66666666666666,
      91.66666666666666,
      91.66666666666666
    ],
    "neurons_pruned": [
      1368,
      1368,
      1824,
      1368,
      1368,
      1152,
      0,
      0,
      0,
      0
    ]
  },
  "final": {
    "phase1_val_acc": 90.0,
    "phase2_val_acc": 88.0,
    "accuracy_change": -2.0,
    "compression": 91.66666666666666,
    "total_pruned": 8448
  }
}