{
  "pretrained": "no",
  "cumpress": "yes",
  "phase1": {
    "epochs": [
      1,
      2,
      3,
      4,
      5,
      6,
      7,
      8,
      9,
      10,
      11,
      12,
      13,
      14,
      15,
      16,
      17,
      18,
      19,
      20
    ],
    "train_acc": [
      27.92941176470588,
      34.51764705882353,
      39.482352941176465,
      41.411764705882355,
      44.682352941176475,
      45.76470588235294,
      45.529411764705884,
      48.752941176470586,
      49.05882352941177,
      49.71764705882353,
      51.17647058823529,
      52.04705882352941,
      51.64705882352941,
      53.247058823529414,
      54.04705882352941,
      54.141176470588235,
      54.352941176470594,
      55.34117647058824,
      55.48235294117647,
      56.705882352941174
    ],
    "val_acc": [
      31.333333333333336,
      37.46666666666666,
      42.53333333333333,
      47.86666666666667,
      47.599999999999994,
      45.6,
      45.46666666666667,
      47.599999999999994,
      47.06666666666667,
      49.333333333333336,
      51.733333333333334,
      52.800000000000004,
      48.66666666666667,
      52.26666666666666,
      50.13333333333333,
      50.26666666666667,
      53.6,
      50.4,
      53.06666666666666,
      53.6
    ],
    "train_loss": [
      2.0007088597802554,
      1.84024546213711,
      1.734910257844364,
      1.665383515582365,
      1.5941635255252613,
      1.5643096816119026,
      1.5628546607634601,
      1.486796066452475,
      1.4700675862256218,
      1.456492517864003,
      1.4183703630110798,
      1.394096186020795,
      1.3945638682421515,
      1.3674783066020293,
      1.3505267369887408,
      1.3389977544335758,
      1.3312979864793666,
      1.2978574424631455,
      1.3041375127399668,
      1.2773267383014455
    ],
    "val_loss": [
      1.885455586751302,
      1.759610281308492,
      1.6880140555699665,
      1.5632369575500489,
      1.5536357895533244,
      1.5949252859751384,
      1.5453040520350139,
      1.4984138720830282,
      1.5103923117319742,
      1.4792695379257201,
      1.4617382389704385,
      1.4133346014022827,
      1.4407686888376872,
      1.381744221051534,
      1.4768442471822103,
      1.4289035266240437,
      1.3617350737253824,
      1.4751121406555177,
      1.37628746064504,
      1.3731528034210205
    ]
  },
  "phase2": {
    "epochs": [
      21,
      22,
      23,
      24,
      25,
      26,
      27,
      28,
      29,
      30
    ],
    "train_acc": [
      60.258823529411764,
      60.4,
      60.8,
      60.752941176470586,
      61.24705882352941,
      60.44705882352941,
      61.01176470588236,
      60.98823529411764,
      61.90588235294118,
      61.24705882352941
    ],
    "val_acc": [
      55.333333333333336,
      56.266666666666666,
      56.00000000000001,
      55.733333333333334,
      56.8,
      57.46666666666667,
      56.266666666666666,
      55.733333333333334,
      56.666666666666664,
      56.666666666666664
    ],
    "train_loss": [
      0.6264548875584321,
      0.6138886735018562,
      0.611820741148556,
      0.613597243421218,
      0.6092763844938839,
      0.6217833713924183,
      0.6165677004421458,
      0.6078555124787723,
      0.5977313970677993,
      0.5947812586672165
    ],
    "val_loss": [
      1.3029067452748617,
      1.2944408893585204,
      1.3239277515411376,
      1.3071149206161499,
      1.2947233428955078,
      1.2859366216659547,
      1.2917032655080158,
      1.2887653150558471,
      1.2892633330027263,
      1.2713453041712444
    ],
    "compression": [
      14.84375,
      29.6875,
      49.479166666666664,
      64.32291666666667,
      79.16666666666666,
      91.66666666666666,
      91.66666666666666,
      91.66666666666666,
      91.66666666666666,
      91.66666666666666
    ],
    "neurons_pruned": [
      1368,
      1368,
      1824,
      1368,
      1368,
      1152,
      0,
      0,
      0,
      0
    ]
  },
  "final": {
    "phase1_val_acc": 53.6,
    "phase2_val_acc": 56.666666666666664,
    "accuracy_change": 3.066666666666663,
    "compression": 91.66666666666666,
    "total_pruned": 8448
  }
}