{
  "pretrained": "yes",
  "cumpress": "no",
  "phase1": {
    "epochs": [
      1,
      2,
      3,
      4,
      5,
      6,
      7,
      8,
      9,
      10,
      11,
      12,
      13,
      14,
      15,
      16,
      17,
      18,
      19,
      20
    ],
    "train_acc": [
      66.98823529411764,
      79.67058823529412,
      81.34117647058824,
      83.9764705882353,
      85.5764705882353,
      87.6470588235294,
      88.0,
      88.18823529411765,
      90.47058823529412,
      88.8235294117647,
      89.64705882352942,
      88.70588235294117,
      90.47058823529412,
      89.81176470588235,
      91.31764705882352,
      90.0235294117647,
      90.0,
      91.34117647058824,
      91.62352941176471,
      92.09411764705882
    ],
    "val_acc": [
      87.6,
      88.4,
      88.8,
      86.66666666666667,
      84.66666666666667,
      89.46666666666667,
      87.73333333333333,
      91.46666666666667,
      88.66666666666667,
      88.8,
      90.93333333333334,
      92.26666666666667,
      87.86666666666667,
      90.53333333333333,
      87.86666666666667,
      90.93333333333334,
      90.4,
      89.60000000000001,
      90.13333333333333,
      90.0
    ],
    "train_loss": [
      0.9982728456889882,
      0.6322110631325666,
      0.58096215912875,
      0.4774633318536422,
      0.442157177679679,
      0.39527751203144296,
      0.36923305301105275,
      0.36087087335306056,
      0.3066677223514108,
      0.35372752815134384,
      0.3179377845736111,
      0.33195101012552486,
      0.2860123518214506,
      0.30974757121591007,
      0.2605554730050704,
      0.29957173340460835,
      0.30484399749250973,
      0.2701307066468632,
      0.26377122811710135,
      0.25547168505893036
    ],
    "val_loss": [
      0.40577810883522036,
      0.37789611260096234,
      0.3694742999076843,
      0.38156602303187054,
      0.4556387809117635,
      0.322610116481781,
      0.35417748097578683,
      0.28488004811604817,
      0.3589963471094767,
      0.3679291421572367,
      0.2705961159070333,
      0.2596699551343918,
      0.3811334542433421,
      0.26916659450531005,
      0.38242612187067665,
      0.308642878929774,
      0.33631725176175437,
      0.34879215351740517,
      0.3383764897187551,
      0.37090500275293986
    ]
  },
  "phase2": {
    "epochs": [],
    "train_acc": [],
    "val_acc": [],
    "train_loss": [],
    "val_loss": [],
    "compression": [],
    "neurons_pruned": []
  },
  "final": {
    "phase1_val_acc": 90.0,
    "phase2_val_acc": 90.0,
    "accuracy_change": 0.0,
    "compression": 0.0,
    "total_pruned": 0
  }
}